"HiRes SSC-A","HiRes SSC-H","HiRes SSC-W","Time"
1310.4,1631,52653.8,0.0290091
650,873,48795.4,0.100496
217.1,352,40420.1,0.133649
2415.4,3065,51646.2,0.136757
587.6,634,60739.7,0.153334
115.7,284,26699,0.156442
677.3,942,47120.5,0.176126
648.7,789,53882.4,0.180271
1111.5,1442,50515.4,0.194775
318.5,361,57820.5,0.222748
106.6,256,27289.6,0.240361
169,245,45206.5,0.270406
518.7,761,44669.5,0.273514
393.9,520,49643.5,0.273514
182,270,44176.1,0.293199
284.7,328,56884.4,0.305631
763.1,979,51083.3,0.312883
809.9,1016,52241.7,0.323244
158.6,288,36090.3,0.357433
175.5,305,37710.1,0.465181
266.5,393,44441.1,0.475541
449.8,564,52266.1,0.485902
183.3,303,39646,0.497298
2386.8,1768,88473.6,0.500406
384.8,513,49158.4,0.544956
1417,1824,50912.6,0.547028
1856.4,2352,51726.6,0.550136
683.8,913,49083.8,0.613334
1064.7,1328,52542.3,0.641307
209.3,272,50429,0.646488
377,527,46882.5,0.646488
15691,19205,53544.7,0.749055
287.3,373,50478.5,0.754236
1032.2,1276,53014.3,0.821578
163.8,292,36763,0.897209
1249.3,1620,50539.6,0.897209
135.2,302,29339.3,0.984236
16428.1,19797,54383.6,1.01325
159.9,341,30730.8,1.02982
265.2,324,53642.4,1.0609
725.4,974,48808.8,1.07955
120.9,248,31948.8,1.09716
297.7,428,45584.3,1.11892
1075.1,1436,49065.3,1.1241
388.7,550,46316.1,1.1355
731.9,966,49654,1.16969
2316.6,2951,51447.2,1.18108
721.5,908,52075.1,1.21942
1141.4,1516,49342.2,1.24325
306.8,478,42063.7,1.27536
248.3,429,37931.4,1.30852
179.4,321,36626.7,1.33442
393.9,591,43679.6,1.35721
2065.7,2735,49498.2,1.38104
1014,1221,54425.5,1.38207
166.4,276,39511.6,1.3914
148.2,333,29166.5,1.40176
406.9,541,49291.3,1.4059
93.6,236,25992.2,1.43906
361.4,501,47274.9,1.45045
91,217,27482.8,1.49811
152.1,304,32789.6,1.51469
231.4,396,38295.5,1.5696
156,257,39780.6,1.59757
144.3,260,36372.5,1.60171
4070.3,5156,51736.1,1.61829
633.1,789,52586.6,1.69496
235.3,380,40580.6,1.72604
143,280,33470.2,1.74262
287.3,398,47307.8,1.75298
507,713,46601.3,1.76748
104,269,25337.3,1.81721
226.2,333,44517.2,1.86072
1050.4,1360,50616.9,1.90942
1098.5,1437,50098.3,1.93014
2613,3289,52066.2,1.955
211.9,372,37330.9,1.96122
390,497,51426.6,2.02131
327.6,412,52110.7,2.03996
130,248,34353.5,2.05757
1365,1728,51768.9,2.07622
322.4,441,47911.1,2.20676
162.5,305,34916.7,2.2078
245.7,397,40559.7,2.2109
299,440,44534.7,2.22127
141.7,317,29294.8,2.23059
718.9,949,49645.8,2.24406
708.5,917,50635,2.27307
102.7,233,28886.5,2.29586
1154.4,1455,51996.4,2.33005
743.6,1017,47918,2.34663
430.3,584,48287.9,2.36942
605.8,820,48416.7,2.39532
214.5,352,39936,2.39532
159.9,299,35047.5,2.43573
178.1,280,41685.6,2.46681
434.2,581,48977.2,2.46888
765.7,940,53383.9,2.50203
176.8,236,49096.5,2.52068
175.5,309,37221.9,2.57041
403,530,49832.1,2.61185
386.1,604,41893.1,2.63568
146.9,312,30856.5,2.71131
266.5,451,38725.8,2.71856
152.1,331,30114.9,2.72789
114.4,268,27975.1,2.75793
269.1,440,40081.2,2.78798
513.5,780,43144.5,2.86568
278.2,400,45580.3,2.93302
258.7,373,45453.5,2.95892
393.9,601,42952.8,2.96721
299,489,40072.1,2.97861
349.7,441,51968.1,2.97965
224.9,393,37503.9,3.02316
716.3,949,49466.2,3.10708
114.4,252,29751.3,3.11019
174.2,288,39640.2,3.11744
764.4,977,51275,3.12055
1124.5,1412,52192.1,3.12987
685.1,895,50166.2,3.13505
249.6,397,41203.5,3.18996
140.4,259,35526.1,3.20965
253.5,404,41122.2,3.2428
1261,1656,49903.9,3.306
1336.4,1704,51398.1,3.32568
88.4,214,27071.9,3.33915
375.7,526,46809.6,3.34847
1063.4,395,176433,3.42411
93.6,268,22888.7,3.42825
131.3,288,29878,3.45726
313.3,412,49836,3.5246
457.6,580,51705.6,3.54636
114.4,268,27975.1,3.54947
559,605,60553.1,3.58676
126.1,255,32408.2,3.59091
184.6,305,39665.4,3.69658
139.1,280,32557.3,3.70487
317.2,452,45991.2,3.71109
1519.7,2010,49549.8,3.71523
644.8,867,48740,3.77325
403,569,46416.5,3.8178
254.8,357,46774.7,3.83748
704.6,892,51767.6,3.86753
664.3,892,48806.7,3.8696
462.8,589,51494.2,3.87167
406.9,585,45583.9,3.87996
967.2,818,77489.5,3.94316
715,994,47141.1,3.95145
702,917,50170.4,3.96388
425.1,441,63173.1,3.98253
783.9,1024,50169.6,4.00636
331.5,484,44886.7,4.02397
232.7,385,39611,4.0478
101.4,237,28039.5,4.09753
250.9,392,41946.4,4.10064
650,920,46302.6,4.20839
1157,1565,48450.6,4.21875
414.7,604,44996.3,4.226
189.8,355,35038.7,4.23636
163.8,289,37144.6,4.25708
167.7,353,31134.2,4.28816
1138.8,1333,55988.3,4.29645
513.5,704,47802.2,4.32753
382.2,601,41677,4.38244
698.1,1013,45163.6,4.41352
247,384,42154.7,4.43113
755.3,1009,49057.8,4.50573
109.2,270,26505.7,4.51402
465.4,639,47731.5,4.53992
1054.3,1388,49780,4.54095
287.3,402,46837,4.55028
763.1,1024,48838.4,4.56478
214.5,363,38725.8,4.59794
111.8,239,30656.6,4.61555
104,248,27482.8,4.62695
104,232,29378.2,4.62695
218.4,380,37666,4.70672
141.7,273,34016.3,4.71915
716.3,629,74631.9,4.72433
179.4,264,44534.7,4.74091
3502.2,4377,52437.8,4.74195
323.7,524,40484.7,4.74713
560.3,765,47999.8,4.78028
310.7,513,39692.1,4.83208
322.4,492,42944.7,4.8528
968.5,708,89649.2,4.88077
794.3,1047,49718.5,4.89839
240.5,441,35740.2,4.90875
193.7,352,36063.4,4.98541
211.9,337,41207.9,4.99474
214.5,401,35056,5.04136
159.9,284,36898.6,5.06105
169,343,32290.3,5.11803
1704.3,2194,50908.4,5.1201
327.6,413,51984.5,5.12735
27303.9,29597,60458.4,5.15429
126.1,327,25272.4,5.19366
1729,2216,51133.5,5.20402
1318.2,1701,50787.5,5.27136
625.3,769,53289.5,5.29726
585,730,52518.6,5.2983
1861.6,2437,50062.3,5.39983
1398.8,1796,51042.2,5.40501
267.8,413,42495.3,5.41537
98.8,220,29431.6,5.42159
140.4,272,33828.1,5.46303
923,1187,50960.2,5.46821
211.9,301,46136.5,5.47339
152.1,296,33675.8,5.48478
159.9,296,35402.7,5.52623
430.3,533,52908.3,5.54695
146.9,296,32524.5,5.55938
150.8,315,31374.1,5.56352
510.9,712,47025.8,5.59771
1332.5,1656,52733.5,5.60704
127.4,333,25072.9,5.60911
209.3,313,43823.3,5.61118
412.1,564,47885.4,5.63087
187.2,293,41871.5,5.73447
283.4,513,36204.5,5.88573
172.9,245,46249.7,5.94893
518.7,610,55727.1,5.96033
757.9,1013,49032.3,6.02042
462.8,585,51846.3,6.07222
226.2,371,39957.5,6.0774
378.3,527,47044.2,6.10641
617.5,820,49351.8,6.11262
655.2,879,48850,6.12195
560.3,773,47503,6.22348
1710.8,2012,55725.1,6.25663
149.5,280,34991.5,6.34366
1042.6,1293,52844.4,6.36542
127.4,279,29925.8,6.42551
110.5,249,29083.2,6.42758
1064.7,1381,50525.8,6.47006
427.7,600,46716.2,6.49181
258.7,408,41554.3,6.49596
477.1,564,55438.3,6.52393
367.9,545,44239.8,6.56434
105.3,265,26041.3,6.58506
98.8,226,28650.2,6.62753
193.7,332,38235.9,6.65344
2077.4,2614,52082.8,6.6669
1224.6,1588,50538.7,6.67726
153.4,279,36033.1,6.7415
198.9,336,38795,6.77983
204.1,345,38770.7,6.78605
4725.5,5805,53348.9,6.82956
132.6,254,34212.9,6.85236
166.4,260,41943,6.86582
650,868,49076.5,6.87722
141.7,280,33165.9,6.94767
426.4,575,48599.2,6.95285
639.6,893,46939.3,6.98911
728,949,50274.2,7.00672
135.2,272,32575.2,7.01916
356.2,541,43149.6,7.02952
2303.6,3057,49384.6,7.0606
175.5,345,33337.9,7.07407
235.3,368,41903.9,7.14245
105.3,264,26139.9,7.16627
1114.1,1476,49467.2,7.17353
156,301,33965.5,7.20564
1101.1,1376,52443.1,7.216
226.2,312,47513.6,7.27402
157.3,281,36686.2,7.3797
267.8,384,45704.5,7.39835
223.6,396,37004.7,7.40456
431.6,636,44473.8,7.41389
283.4,489,37981.4,7.42321
1527.5,1888,53022.4,7.446
114.4,257,29172.4,7.53925
210.6,345,40005.5,7.55997
114.4,282,26586.2,7.56618
326.3,432,49500.9,7.62317
218.4,331,43241.9,7.63353
92.3,219,27620.9,7.65839
104,216,31554.4,7.67186
694.2,959,47440.1,7.67704
137.8,277,32602.4,7.69051
243.1,256,62233.6,7.69673
299,477,41080.2,7.71227
167.7,345,31856.2,7.7247
2104.7,2293,60154.2,7.76407
646.1,853,49639.9,7.84177
120.9,244,32472.5,7.87492
360.1,493,47869.2,7.87596
267.8,428,41005.9,7.9029
348.4,509,44858,7.90911
223.6,381,38461.5,7.9547
214.5,333,42214.6,8.00028
113.1,209,35464.7,8.04898
159.9,284,36898.6,8.05001
808.6,1132,46813.1,8.05519
9340.5,11712,52266,8.07695
1277.9,1649,50787.4,8.07902
643.5,885,47652.4,8.08835
180.7,281,42143.6,8.10182
715,1001,46811.4,8.10285
109.2,253,28286.7,8.10389
601.9,857,46028.1,8.17019
711.1,1036,44983.2,8.18884
330.2,508,42598.4,8.27794
344.5,476,47431,8.38776
182,274,43531.2,8.39294
14444.3,15684,60355.9,8.41055
275.6,452,39959.6,8.43749
692.9,896,50680.7,8.49655
115.7,303,25024.8,8.54317
530.4,803,43288,8.54524
297.7,441,44240.5,8.55042
604.5,893,44363.4,8.56078
284.7,426,43798.4,8.64263
1164.8,1501,50857,8.66438
1157,1508,50281.9,8.67164
247,421,38449.9,8.72033
378.3,520,47677.4,8.72447
1203.8,1475,53486.3,8.80218
89.7,211,27860.6,8.80529
146.9,280,34383,8.80736
91,238,25057.9,8.83222
557.7,752,48603,8.84466
544.7,662,53923.7,8.87159
178.1,350,33348.5,8.87988
1648.4,1980,54560.4,8.93686
1298.7,1754,48524.3,8.96587
215.8,377,37513.7,8.96587
227.5,361,41300.4,8.97416
5986.5,6556,59843.1,9.00731
1229.8,1541,52301.2,9.0674
783.9,1000,51373.7,9.17515
1415.7,1828,50754.6,9.21038
1349.4,1704,51898.1,9.21245
510.9,689,48595.6,9.21659
1053,1301,53043.4,9.2197
189.8,305,40782.7,9.23421
742.3,964,50464.1,9.23835
549.9,748,48179.5,9.25596
105.3,245,28167.1,9.28911
1072.5,1336,52610.3,9.32123
442,642,45119.8,9.32745
1901.9,2496,49937.1,9.36475
148.2,316,30735.6,9.40619
227.5,350,42598.4,9.42795
196.3,367,35053.7,9.43105
189.8,364,34172.3,9.43209
1994.2,2465,53019,9.43934
291.2,384,49698.1,9.45695
386.1,498,50810.1,9.46939
997.1,1324,49354.9,9.49425
153.4,304,33069.8,9.53466
608.4,878,45412.4,9.60925
308.1,476,42419.4,9.61132
1220.7,1577,50729.1,9.61754
261.3,429,39917.4,9.73254
101.4,224,29666.7,9.79885
345.8,528,42921.1,9.81646
154.7,310,32704.6,9.85686
911.3,1152,51842.8,9.86308
620.1,864,47035.7,9.87033
114.4,265,28291.8,9.87344
1267.5,1536,54080,9.8838
139.1,298,30590.8,9.88795
1713.4,2222,50535.3,9.92317
101.4,221,30069.5,9.98223
221,325,44564.5,9.98326
1179.1,1601,48265.8,10.005
659.1,848,50937.2,10.0133
348.4,545,41894.9,10.0278
176.8,325,35651.6,10.0568
995.8,1248,52292.3,10.0568
221,389,37232.5,10.0941
131.3,240,35853.7,10.1438
314.6,428,48172,10.1739
109.2,247,28973.8,10.2029
117,300,25559,10.2734
2484.3,3053,53328.2,10.3179
172.9,281,40324.5,10.3428
100.1,229,28647,10.3915
254.8,381,43828.3,10.4174
507,723,45956.8,10.4205
360.1,549,42986.4,10.4381
51782.9,60776,55838.6,10.4961
707.2,969,47829.8,10.5013
182,348,34274.6,10.5065
322.4,388,54455.7,10.6391
505.7,598,55420.7,10.6453
126.1,233,35468.2,10.7344
154.7,300,33794.7,10.752
611,876,45710.6,10.7582
1073.8,1372,51291.9,10.7603
378.3,592,41878.8,10.7634
578.5,769,49301.1,10.7706
239.2,372,42140.4,10.7852
118.3,236,32851.3,10.9022
84.5,261,21217.6,10.9074
1028.3,1390,48482.5,10.9126
1168.7,1473,51997.2,10.9654
422.5,620,44659.6,10.9685
239.2,329,47648.1,10.9737
274.3,477,37686.6,11.0825
98.8,229,28274.9,11.0846
952.9,1201,51997.7,11.1011
191.1,353,35478.6,11.1364
219.7,377,38191.7,11.1716
156,340,30069.5,11.1737
614.9,853,47242.8,11.1788
189.8,261,47658,11.1882
769.6,464,108699,11.2161
757.9,1087,45694.3,11.2472
261.3,400,42811.4,11.2524
260,468,36408.9,11.2711
1645.8,1983,54391.9,11.2742
763.1,1028,48648.4,11.2887
237.9,404,38591.6,11.2887
128.7,254,33206.6,11.2897
274.3,417,43109.2,11.3115
16177.2,16411,64602.3,11.3446
200.2,320,41001,11.3653
514.8,700,48197.1,11.3943
110.5,215,33682.5,11.4057
434.2,624,45602.1,11.413
720.2,922,51192,11.414
556.4,725,50295.5,11.4607
1501.5,1929,51012.1,11.4793
3793.4,4772,52096.4,11.499
221,296,48930.6,11.5705
357.5,472,49638,11.5777
832,1135,48040.5,11.586
338,570,38861.7,11.6171
198.9,337,38679.9,11.6544
2082.6,2601,52474.1,11.6844
417.3,659,41499.5,11.7031
232.7,345,44203.6,11.7331
175.5,317,36282.6,11.7383
253.5,321,51755.1,11.7414
466.7,658,46482.8,11.7559
809.9,1089,48739.8,11.8108
702,945,48683.9,11.8119
711.1,957,48696.6,11.8523
1167.4,1519,50366.5,11.8916
114.4,263,28506.9,11.9476
445.9,556,52558.5,11.9538
136.5,223,40115.1,11.9621
462.8,669,45336.4,11.9642
739.7,1008,48092.2,12.0906
3959.8,4848,53529.2,12.2242
1144,1452,51634.4,12.2605
1583.4,1985,52276.9,12.2636
224.9,348,42353.6,12.3392
830.7,1121,48564.5,12.3527
260,416,40960,12.3661
258.7,437,38796.7,12.4138
1209,1604,49397.1,12.447
1292.2,1356,62452.5,12.4563
101.4,222,29934,12.4594
648.7,724,58719.9,12.4843
1194.7,1488,52618.2,12.5205
434.2,638,44601.5,12.5278
280.8,384,47923.2,12.534
348.4,504,45303.1,12.6252
295.1,449,43072.8,12.6728
928.2,1285,47338.9,12.6863
768.3,1102,45690.8,12.6863
128.7,274,30782.8,12.7422
132.6,232,37457.2,12.7692
348.4,531,42999.5,12.8407
986.7,1329,48656.4,12.8458
172.9,327,34651.9,12.8759
222.3,382,38137.8,12.9121
196.3,329,39102.5,12.9329
137.8,313,28852.6,12.9857
542.1,688,51638.2,12.9888
178.1,281,41537.2,13.0126
291.2,446,42789.4,13.0168
737.1,1032,46808.7,13.0406
222.3,368,39588.7,13.0924
1289.6,1601,52789,13.1069
657.8,858,50244.3,13.1359
130,219,38902.6,13.1981
128.7,249,33873.4,13.2188
310.7,413,49302.7,13.2426
657.8,849,50776.9,13.2748
163.8,349,30758.7,13.3576
104,217,31409,13.3587
276.9,356,50974.5,13.3898
1242.8,1565,52043.5,13.4074
392.6,432,59558.9,13.4146
143,348,26930,13.4229
686.4,884,50886.8,13.425
321.1,477,44116.6,13.4592
243.1,304,52407.2,13.4695
235.3,380,40580.6,13.4799
171.6,261,43088,13.4851
954.2,480,130280,13.5244
765.7,913,54962.7,13.5327
705.9,984,47014.1,13.5348
176.8,344,33682.5,13.5421
315.9,457,45301.6,13.5773
1363.7,1769,50520.9,13.5928
115.7,232,32683.3,13.6032
165.1,278,38920.8,13.6125
206.7,284,47698.2,13.714
249.6,397,41203.5,13.7244
2236,2952,49640.4,13.7689
352.3,532,43399.1,13.7752
162.5,309,34464.7,13.7793
273,473,37825.2,13.7969
309.4,418,48509.2,13.799
5502.9,5980,60307.4,13.9523
1255.8,1629,50521.9,13.9585
226.2,388,38206.8,13.9741
809.9,911,58263,14.0342
141.7,276,33646.6,14.0735
603.2,880,44921.9,14.144
1443,1800,52538,14.2113
462.8,648,46805.6,14.2279
127.4,269,31038.2,14.2466
228.8,339,44232,14.259
510.9,679,49311.3,14.2984
1111.5,1427,51046.4,14.3605
140.4,276,33337.9,14.3709
4106.7,5058,53210.1,14.375
733.2,976,49232.6,14.3771
423.8,628,44226.4,14.3843
26746.2,26400,66395.4,14.3926
1212.9,1581,50277.4,14.4061
362.7,553,42983.6,14.4092
708.5,957,48518.6,14.4206
263.9,472,36641.8,14.4341
543.4,689,51686.9,14.4351
231.4,321,47243.1,14.4734
245.7,374,43054,14.4745
260,481,35424.9,14.489
308.1,460,43894.9,14.575
505.7,685,48381.8,14.605
104,268,25431.9,14.6226
1024.4,1308,51326.5,14.634
6693.7,8232,53289.4,14.7231
523.9,640,53647.4,14.7252
131.3,249,34557.7,14.7428
451.1,504,58657.3,14.7615
144.3,316,29926.7,14.7988
1063.4,1332,52320.6,14.8247
172.9,320,35409.9,14.8661
100.1,225,29156.2,14.9635
2176.2,2792,51081.5,14.9873
98.8,227,28524,14.9987
1030.9,1357,49787.1,15.007
209.3,340,40343.2,15.0091
4313.4,5312,53215.9,15.0609
245.7,332,48500.6,15.0712
193.7,304,41757.6,15.1096
625.3,911,44983.2,15.1116
573.3,777,48354.9,15.1375
1097.2,1480,48585.2,15.1375
718.9,929,50714.6,15.1448
192.4,361,34928.3,15.15
1244.1,1596,51086.1,15.1717
326.3,509,42012.6,15.2039
170.3,285,39160.6,15.2287
354.9,489,47563.9,15.2391
120.9,225,35214.7,15.2484
678.6,936,47513.6,15.2639
4816.5,6168,51176.1,15.2909
338,485,45672.5,15.2981
210.6,337,40955.1,15.3157
153.4,268,37512,15.3209
260,356,47863.4,15.3479
518.7,744,45690.2,15.3613
491.4,645,49929.3,15.3717
222.3,376,38746.4,15.3852
1246.7,1648,49577.5,15.3883
676,905,48952.9,15.3945
313.3,456,45027.3,15.4048
1219.4,1621,49299.6,15.4204
128.7,252,33470.2,15.4214
195,384,33280,15.4297
201.5,289,45693.8,15.439
717.6,977,48135.8,15.4587
978.9,880,72901.3,15.5116
118.3,256,30284.8,15.5354
205.4,357,37706.1,15.6152
2390.7,2981,52558.5,15.6193
598,705,55589.4,15.6214
232.7,344,44332.1,15.639
1053,1402,49222.1,15.6918
1045.2,1353,50626.9,15.6949
136.5,240,37273.6,15.7063
871,1029,55473.1,15.7094
132.6,317,27413.5,15.7229
3551.6,4265,54573.9,15.755
154.7,291,34839.9,15.7592
241.8,392,40425,15.8099
132.6,224,38795,15.8162
310.7,449,45349.7,15.8472
135.2,268,33061.4,15.8669
110.5,244,29679.2,15.87
314.6,480,42953.4,15.8773
115.7,233,32543,15.8876
12307.1,15012,53727.6,15.897
353.6,505,45888.2,15.9032
1095.9,1448,49600.1,15.9239
3861,4501,56217.4,15.9312
222.3,353,41271,16.0389
296.4,507,38313.4,16.0752
228.8,361,41536.4,16.128
140.4,281,32744.7,16.1746
187.2,297,41307.5,16.1788
292.5,400,47923.2,16.2088
648.7,851,49956.8,16.244
140.4,324,28398.9,16.3445
110.5,241,30048.7,16.4026
172.9,340,33327,16.4077
321.1,482,43658.9,16.4139
221,368,39357.2,16.4191
131.3,259,33223.5,16.4295
435.5,600,47568.2,16.4544
1053,1297,53206.9,16.4782
136.5,256,34944,16.4917
107.9,277,25528.3,16.5093
175.5,311,36982.5,16.5414
1088.1,1393,51191.5,16.559
133.9,260,33751,16.5631
331.5,416,52224,16.5683
227.5,329,45317.4,16.6315
492.7,621,51996.1,16.6667
169,245,45206.5,16.6792
114.4,320,23429.1,16.7092
5419.7,6863,51753.7,16.7838
583.7,801,47757,16.8356
2298.4,3004,50142.5,16.8802
2397.2,3012,52159,16.8802
115.7,240,31593.8,16.904
345.8,544,41658.7,16.9475
107.9,240,29463.9,16.9682
708.5,926,50142.8,16.9807
182,376,31722.2,16.9952
234,337,45505.7,16.9952
689,913,49457.1,17.0159
135.2,317,27951,17.0791
289.9,417,45560.9,17.0791
123.5,317,25532.2,17.1029
235.3,373,41342.1,17.1205
1593.8,2024,51606.4,17.1361
130,317,26876,17.1423
100.1,253,25929.5,17.1858
929.5,1205,50552.5,17.1972
135.2,273,32455.9,17.2376
409.5,591,45409.5,17.2697
109.2,257,27846.4,17.3215
323.7,392,54117.4,17.3267
733.2,978,49131.9,17.4096
219.7,352,40904.1,17.4873
153.4,256,39270.4,17.5039
795.6,1060,49189.1,17.5194
170.3,258,43258.8,17.5733
166.4,313,34840.9,17.5805
202.8,309,43012,17.6209
109.2,221,32382.5,17.6334
423.8,561,49508.3,17.6935
1183,1505,51514.3,17.7235
543.4,682,52217.4,17.7774
148.2,284,34198.7,17.7867
110.5,212,34159.1,17.8748
2564.9,3277,51294.9,17.9038
1341.6,1696,51841.4,17.9494
245.7,325,49545.2,18.025
551.2,748,48293.4,18.0747
3526.9,4308,53653.4,18.0934
172.9,328,34546.3,18.1431
109.2,243,29450.7,18.1493
393.9,437,59072.4,18.1524
2311.4,2893,52360.8,18.1628
274.3,440,40855.7,18.1638
986.7,1325,48803.3,18.3006
100.1,208,31539.2,18.3016
2034.5,2581,51659.4,18.4384
133.9,269,32621.8,18.4404
92.3,232,26073.2,18.4798
117,261,29378.2,18.4922
1244.1,1585,51440.6,18.5047
250.9,345,47660.8,18.5192
120.9,281,28196.8,18.5513
195,256,49920,18.5544
182,301,39626.4,18.5648
184.6,300,40326.5,18.5793
436.8,628,45583,18.599
226.2,369,40174.1,18.657
253.5,339,49007,18.6694
188.5,380,32509.3,18.7181
349.7,572,40066.3,18.7461
923,1237,48900.3,18.8424
1361.1,1745,51118.1,18.8973
279.5,384,47701.3,18.8984
183.3,285,42150,18.945
595.4,873,44696.6,19.0009
146.9,211,45626.7,19.0082
120.9,305,25978,19.0144
114.4,268,27975.1,19.0341
690.3,1007,44925,19.0424
920.4,1192,50603.5,19.0434
101.4,264,25171.8,19.0745
1058.2,1360,50992.8,19.1056
1175.2,1465,52571.9,19.176
12073.1,14957,52899.8,19.205
1396.2,1767,51783.5,19.2133
184.6,312,38775.5,19.2226
117,340,22552.1,19.2237
234,348,44067.3,19.2361
374.4,589,41658.2,19.2444
114.4,280,26776.1,19.2848
2476.5,3277,49527,19.2858
291.2,389,49059.3,19.3045
280.8,481,38258.9,19.349
169,249,44480.3,19.4081
1093.3,1425,50281.1,19.5086
1296.1,1680,50560.2,19.5241
512.2,656,51170,19.5324
214.5,292,48142,19.5915
639.6,892,46992,19.6464
166.4,321,33972.6,19.7013
461.5,601,50324.2,19.7044
551.2,808,44707.2,19.7065
310.7,452,45048.7,19.7199
120.9,249,31820.5,19.7458
150.8,240,41178.5,19.749
110.5,240,30173.9,19.808
1207.7,1524,51934.3,19.8194
546,760,47082.4,19.8225
960.7,1324,47553.2,19.8919
1007.5,1288,51263.6,19.9033
183.3,337,35646.1,19.9437
179.4,324,36287.5,19.9738
348.4,457,49962.2,19.9924
201.5,277,47673.3,19.9945
109.2,241,29695.1,20.0038
1342.9,1537,57259.8,20.0049
1495,864,113399,20.0473
575.9,777,48574.2,20.0753
4657.9,4309,70842.5,20.0846
1276.6,1678,49858.9,20.096
135.2,241,36765.4,20.0991
165.1,284,38098.6,20.1136
319.8,412,50869.9,20.153
110.5,293,24715.8,20.2038
185.9,254,47965.1,20.2069
1093.3,1316,54445.7,20.2659
452.4,637,46543.9,20.2804
198.9,380,34302.9,20.2918
150.8,247,40011.4,20.3022
257.4,462,36512.9,20.3322
708.5,916,50690.2,20.3799
111.8,265,27648.8,20.4079
4371.9,5321,53846.4,20.4369
742.3,1050,46330.8,20.4576
153.4,272,36960.4,20.5581
172.9,305,37151.4,20.5695
451.1,577,51236.2,20.5726
360.1,450,52443.4,20.5757
400.4,497,52798,20.5954
3151.2,3668,56302.4,20.6679
800.8,981,53497.7,20.6949
309.4,512,39603.2,20.7197
218.4,358,39980.6,20.727
4751.5,6055,51427.6,20.7425
1046.5,1352,50727.4,20.7581
1095.9,1496,48008.6,20.9166
622.7,891,45801.6,20.9767
196.3,333,38632.8,21.0513
357.5,569,41176,21.1963
362.7,457,52012.9,21.2108
135.2,275,32219.9,21.2274
136.5,224,39936,21.2481
287.3,425,44302.3,21.2709
104,233,29252.1,21.2781
497.9,725,45007.4,21.3154
744.9,971,50275.8,21.3248
245.7,429,37534.3,21.4014
555.1,765,47554.3,21.4398
110.5,209,34649.4,21.4512
240.5,360,43781.7,21.4626
145.6,220,43372.9,21.4698
109.2,252,28398.9,21.4719
88.4,208,27852.8,21.4874
221,324,44702,21.5009
731.9,932,51465.4,21.5061
477.1,608,51426.4,21.532
158.6,285,36470.2,21.5403
492.7,705,45800.8,21.5745
1303.9,1665,51322.8,21.5879
167.7,293,37509.9,21.6325
1589.9,1973,52810.8,21.6356
474.5,600,51828.1,21.6739
198.9,369,35325.5,21.7019
698.1,984,46494.6,21.706
1599,2117,49500.3,21.7609
107.9,248,28513.4,21.7858
1294.8,1649,51459.1,21.819
131.3,256,33612.8,21.8252
1188.2,1541,50532,21.8355
985.4,1330,48555.8,21.8749
744.9,1011,48286.6,21.879
963.3,1296,48712.1,21.8811
755.3,1010,49009.3,21.8987
347.1,500,45495.1,21.9257
98.8,269,24070.5,21.9381
130,209,40764,21.9868
117,260,29491.2,21.9909
696.8,848,53850.8,21.9982
195,328,38962,22.0199
1025.7,1281,52474.8,22.1204
692.9,852,53298,22.1318
513.5,716,47001,22.1868
432.9,613,46281.5,22.1888
496.6,656,49611.6,22.2292
825.5,1086,49815.8,22.2883
698.1,423,108158,22.3007
239.2,388,40402.6,22.3422
1112.8,1398,52166.3,22.3598
2782,3203,56922,22.4085
282.1,409,45202.2,22.4427
182,324,36813.4,22.4768
148.2,328,29611.1,22.4934
122.2,268,29882.5,22.5224
176.8,248,46720.8,22.5349
568.1,785,47428,22.5369
425.1,624,44646.4,22.5659
201.5,341,38725.8,22.6105
117,225,34078.7,22.6654
1337.7,1708,51327.6,22.6789
807.3,1076,49170.3,22.7089
815.1,1068,50017.2,22.7203
161.2,276,38276.8,22.7607
192.4,257,49062.8,22.7866
161.2,292,36179.5,22.7949
325,436,48851.4,22.8363
1120.6,1392,52758.4,22.854
166.4,340,32074.1,22.8643
97.5,220,29044.4,22.94
886.6,1132,51328.8,22.9897
183.3,328,36624.2,22.9959
561.6,713,51619.9,23.0187
1313,1669,51557.1,23.0332
13232.7,16012,54160.5,23.0384
512.2,720,46621.6,23.0446
1151.8,1589,47504.3,23.0632
237.9,397,39272.1,23.1358
362.7,552,43061.4,23.1554
595.4,704,55426.3,23.201
192.4,304,41477.4,23.2135
120.9,222,35690.6,23.2218
113.1,265,27970.3,23.2238
110.5,241,30048.7,23.2425
235.3,393,39238.2,23.2477
114.4,248,30231.1,23.2632
161.2,302,34981.5,23.2653
133.9,233,37662.1,23.3471
531.7,781,44616.5,23.3813
226.2,363,40838.1,23.4113
118.3,280,27689,23.4435
133.9,270,32501,23.4932
97.5,257,24862.9,23.5036
608.4,817,48803.1,23.5792
319.8,441,47524.7,23.6061
143,230,40746.3,23.6455
5201.3,6184,55121.7,23.6579
373.1,536,45618.4,23.6714
131.3,257,33482,23.7066
105.3,249,27714.6,23.7118
153.4,325,30933,23.7201
1118,1449,50565.4,23.7367
189.8,360,34552,23.7864
153.4,346,29055.6,23.86
816.4,1068,50097,23.9211
1632.8,2084,51347,23.9252
211.9,353,39340.2,23.9491
201.5,281,46994.7,23.9801
373.1,516,47386.6,24.0071
1002.3,1282,51237.7,24.0558
3424.2,4293,52273.1,24.0651
92.3,277,21837.4,24.0651
4001.4,5068,51743.4,24.1469
795.6,1009,51675.4,24.178
300.3,488,40328.8,24.207
217.1,355,40078.5,24.2195
306.8,569,35336.5,24.2381
135.2,245,36165.2,24.2412
382.2,620,40399.8,24.2941
388.7,529,48154.7,24.2951
1237.6,1728,46937.1,24.3666
410.8,593,45400,24.4142
1007.5,1303,50673.5,24.4422
1270.1,1681,49516.5,24.522
117,278,27581.7,24.5282
111.8,309,23711.7,24.694
111.8,257,28509.4,24.7033
466.7,528,57927.4,24.7136
734.5,1013,47518.4,24.7375
267.8,425,41295.4,24.78
728,1019,46820.6,24.8711
683.8,801,55947,24.9032
377,509,48540.4,24.9447
228.8,344,43589.1,24.955
100.1,225,29156.2,25.0162
557.7,580,63016.3,25.0182
137.8,284,31798.8,25.0203
171.6,365,30810.9,25.0628
1223.3,1508,53163.3,25.068
1316.9,1707,50559.1,25.1187
132.6,248,35040.6,25.1239
159.9,313,33479.9,25.1384
404.3,545,48616.9,25.1643
406.9,576,46296.2,25.2192
153.4,260,38666.2,25.2296
2913.3,3684,51825.7,25.2379
152.1,273,36512.9,25.2659
122.2,228,35125,25.3197
150.8,332,29767.6,25.3218
404.3,608,43579.3,25.3632
204.1,380,35199.7,25.3705
729.3,976,48970.7,25.3871
653.9,873,49088.2,25.4057
2044.9,2557,52410.9,25.4316
521.3,766,44600.4,25.4358
235.3,405,38075.6,25.442
169,362,30595.5,25.4472
1088.1,1425,50041.9,25.4907
1937,2488,51022.2,25.5218
1141.4,1464,51094.8,25.5953
215.8,301,46985.6,25.6171
876.2,1141,50326.6,25.6305
1678.3,2205,49881.7,25.6368
1501.5,1852,53133,25.6761
210.6,348,39660.6,25.6927
2122.9,2636,52779.4,25.6948
1287,1592,52980.4,25.817
152.1,269,37055.9,25.8481
735.8,795,60655.8,25.8616
252.2,391,42271.6,25.8668
430.3,573,49214.9,25.9082
668.2,816,53665.6,25.9403
210.6,273,50556.3,25.9911
696.8,1007,45348.1,25.9973
1409.2,1686,54776.6,26.0305
2645.5,3207,54061.6,26.0481
287.3,421,44723.3,26.0605
2817.1,3571,51700.2,26.076
351,489,47041.2,26.1237
40727.7,48345,55210.1,26.1278
276.9,401,45254.2,26.1786
1255.8,1597,51534.2,26.2553
404.3,616,43013.3,26.2978
228.8,332,45164.6,26.3361
239.2,388,40402.6,26.3496
492.7,704,45865.9,26.4179
248.3,372,43743.5,26.477
1263.6,1597,51854.3,26.5319
110.5,266,27224.5,26.5433
735.8,965,49970.4,26.5796
315.9,509,40673.5,26.6055
165.1,364,29725.3,26.6137
137.8,284,31798.8,26.6303
156,299,34192.7,26.6334
218.4,357,40092.6,26.651
1164.8,1464,52142.3,26.6583
143,256,36608,26.7329
1547,1905,53220,26.737
413.4,612,44268.9,26.7691
794.3,1061,49062.4,26.8158
231.4,360,42125.1,26.8427
1220.7,1591,50282.7,26.8489
146.9,260,37027.8,26.9018
105.3,209,33018.9,26.909
941.2,1240,49743.9,26.9152
135.2,229,38692,26.9246
421.2,613,45030.6,26.9536
678.6,857,51893.5,26.9608
171.6,305,36872.1,26.9753
575.9,318,118686,27.053
629.2,817,50471.5,27.1556
104,229,29763.1,27.2178
283.4,422,44011.6,27.2219
133.9,269,32621.8,27.2271
1197.3,1456,53891.7,27.2302
928.2,777,78289,27.2395
128.7,241,34997.9,27.2696
629.2,853,48341.4,27.2737
1106.3,1421,51022.1,27.3286
167.7,360,30528.9,27.6021
539.5,725,48767.8,27.6156
997.1,1269,51494,27.6529
465.4,656,46494.6,27.6705
1617.2,2120,49992.8,27.6912
118.3,221,35081,27.7005
3958.5,5089,50977.4,27.7316
720.2,957,49319.8,27.7523
144.3,269,35155.6,27.7689
592.8,759,51185.4,27.8653
187.2,300,40894.5,27.9295
990.6,1368,47456.1,27.9596
3688.1,4719,51219.2,27.9616
417.3,641,42664.9,28.0694
158.6,261,39823.8,28.0839
149.5,293,33439,28.1005
600.6,846,46525.9,28.1119
171.6,243,46279.7,28.1253
152.1,248,40193.7,28.1533
1690,2159,51299.6,28.1605
988,1311,49389.4,28.1751
382.2,589,42526.1,28.1771
111.8,294,24921.5,28.1937
257.4,437,38601.8,28.2434
150.8,324,30502.6,28.2548
252.2,449,36811.1,28.2849
124.8,268,30518.3,28.3263
484.9,673,47219,28.3688
404.3,600,44160.3,28.376
405.6,561,47382.2,28.3823
512.2,613,54759.4,28.403
218.4,331,43241.9,28.4175
123.5,265,30542.2,28.4517
109.2,232,30847.1,28.4558
793,514,101109,28.4828
105.3,244,28282.5,28.4869
256.1,384,43707.7,28.5004
140.4,271,33953,28.5864
624,897,45590.3,28.6205
219.7,319,45135.6,28.6433
716.3,972,48295.7,28.6713
380.9,565,44181.7,28.7469
1093.3,1473,48642.6,28.7563
148.2,256,37939.2,28.7666
1498.9,1927,50976.6,28.7718
318.5,505,41333.1,28.7811
159.9,297,35283.5,28.7967
1228.5,1673,48123.7,28.8588
254.8,429,38924.4,28.9666
100.1,249,26346,29.006
1043.9,1329,51477.1,29.0173
105.3,233,29617.8,29.0194
215.8,376,37613.5,29.0692
765.7,1061,47295.9,29.0733
196.3,357,36035.6,29.0774
245.7,396,40662.1,29.18
5388.5,3560,99196.8,29.1852
218.4,380,37666,29.1914
10930.4,1997,262143,29.2401
700.7,964,47636,29.2774
945.1,1305,47462.1,29.3748
130,273,31207.6,29.4048
117,314,24419.5,29.4535
331.5,553,39286,29.4608
1214.2,1560,51008.9,29.5012
659.1,863,50051.9,29.5737
286,459,40835.1,29.696
2245.1,2812,52323.9,29.7156
132.6,261,33295.3,29.7623
146.9,264,36466.8,29.8047
1040,1365,49932.2,29.8317
708.5,896,51821.7,29.8534
384.8,553,45602.6,29.8659
305.5,441,45399.7,29.9177
317.2,437,47569.8,29.9332
227.5,305,48883.4,29.9446
638.3,866,48304.4,29.9746
1306.5,592,144633,29.984
841.1,1080,51039.2,29.9974
906.1,1111,53449.3,30.0192
1290.9,1653,51179.9,30.0399
132.6,281,30925.5,30.1394
191.1,381,32871.2,30.1829
265.2,390,44564.5,30.214
101.4,240,27689,30.2399
301.6,456,43345.7,30.244
709.8,1029,45206.5,30.2564
226.2,349,42476.3,30.2782
395.2,517,50096.4,30.2979
340.6,465,48003.4,30.3072
226.2,324,45753.8,30.3455
131.3,226,38074.7,30.3455
206.7,341,39725.2,30.3549
3357.9,4201,52383.6,30.3891
206.7,369,36710.8,30.4357
484.9,661,48076.3,30.4958
96.2,221,28527.4,30.5144
191.1,328,38182.7,30.5445
592.8,799,48623,30.5507
1461.2,1851,51734.8,30.5807
1111.5,1453,50133,30.7859
751.4,1005,48998.8,30.8107
159.9,324,32343.2,30.8273
718.9,661,71276.6,30.8584
165.1,293,36928.3,30.8884
644.8,848,49832.1,30.9143
397.8,499,52244.9,30.9288
392.6,549,46866,31.019
101.4,233,28520.8,31.048
843.7,1061,52113.8,31.0625
139.1,216,42204,31.1744
1249.3,1683,48647.7,31.1992
1517.1,1996,49812,31.2189
230.1,352,42840.4,31.2542
179.4,331,35520.1,31.2728
930.8,744,81990.5,31.306
250.9,392,41946.4,31.307
195,353,36202.6,31.3754
265.2,461,37701,31.3816
1222,1614,49619,31.3971
256.1,388,43257.1,31.3982
291.2,441,43274.6,31.4344
393.9,576,44817.1,31.4842
6533.8,8000,53524.9,31.5691
1030.9,1284,52617.6,31.5753
1426.1,1808,51693,31.6012
293.8,448,42978.7,31.6219
2977,3508,55615.9,31.7628
104,215,31701.1,31.766
292.5,460,41672.3,31.7825
234,360,42598.4,31.7981
868.4,1069,53238,31.8001
352.3,510,45271.2,31.8209
148.2,353,27514,31.8323
462.8,629,48219.5,31.8385
174.2,297,38439,31.8499
240.5,420,37527.2,31.853
1315.6,1651,52222.4,31.8561
462.8,628,48296.3,31.8696
640.9,832,50483.2,31.8872
949,957,64988.1,31.8944
132.6,281,30925.5,31.9317
184.6,317,38163.9,31.9369
187.2,293,41871.5,31.9535
2394.6,2972,52803.7,31.9587
423.8,589,47154.8,31.968
104,221,30840.5,32.0229
358.8,491,47890.7,32.025
9235.2,11433,52937.8,32.0374
122.2,253,31654.1,32.0592
187.2,297,41307.5,32.0882
1164.8,1489,51266.8,32.112
126.1,245,33731,32.2073
2249,2869,51373.5,32.2425
1303.9,1606,53208.2,32.2591
643.5,881,47868.8,32.2871
183.3,249,48244,32.3368
217.1,261,54512.9,32.3979
399.1,546,47903.7,32.401
113.1,252,29413.2,32.4197
278.2,418,43617.5,32.4321
482.3,748,42256.7,32.4332
451.1,656,45066,32.4746
626.6,820,50079.1,32.4974
3166.8,3961,52395.7,32.5026
110.5,245,29558.1,32.5606
2026.7,2621,50676,32.5948
1007.5,1232,53593.8,32.6663
1008.8,1322,50009.6,32.7502
326.3,498,42940.6,32.7606
721.5,1000,47284.2,32.7657
1214.2,1628,48878.3,32.7906
6162,7849,51450.2,32.8072
781.3,1101,46506.2,32.8455
2067,2628,51546,32.8476
110.5,217,33372,32.8662
1310.4,1708,50280.1,32.8735
163.8,309,34740.4,32.887
167.7,261,42108.8,32.9087
104,225,30292.2,32.9139
113.1,231,32087.1,32.947
1137.5,1419,52535,32.9833
487.5,688,46437.2,33.0237
826.8,1069,50687.7,33.0538
100.1,221,29684,33.0921
1110.2,1492,48765.5,33.1014
1236.3,1657,48896.9,33.1232
326.3,509,42012.6,33.177
176.8,333,34795.1,33.1967
141.7,229,40552.2,33.1967
1090.7,1391,51387.6,33.2081
960.7,1252,50287.9,33.2185
963.3,1276,49475.6,33.3003
955.5,1273,49190.6,33.3159
206.7,352,38483.8,33.3708
358.8,457,51453.6,33.3718
124.8,312,26214.4,33.4205
111.8,257,28509.4,33.4236
107.9,237,29836.9,33.4671
249.6,441,37092.5,33.4733
2770.3,3422,53055,33.4806
521.3,763,44775.8,33.5397
143,225,41651.8,33.5656
96.2,242,26051.9,33.5904
347.1,536,42439.4,33.7096
404.3,604,43867.9,33.722
968.5,1236,51352.4,33.7386
133.9,262,33493.4,33.751
209.3,409,33537.1,33.7686
357.5,501,46764.7,33.809
413.4,634,42732.8,33.8339
167.7,269,40856.5,33.8805
139.1,265,34400.2,33.981
156,284,35998.6,33.9841
145.6,281,33957.4,34.0566
250.9,248,66302.4,34.0753
344.5,452,49949.5,34.1851
915.2,1273,47115.9,34.2348
126.1,260,31785,34.2545
143,297,31554.4,34.2877
763.1,1061,47135.3,34.2918
144.3,289,32722.6,34.2918
7541.3,8971,55091.6,34.3343
209.3,349,39302.8,34.4296
293.8,425,45304.7,34.4327
421.2,512,53913.6,34.4369
119.6,285,27502.1,34.4452
443.3,569,51058.2,34.4493
789.1,1059,48833.3,34.4721
133.9,351,25000.8,34.4959
495.3,640,50718.7,34.5156
1002.3,1308,50219.2,34.5187
156,332,30794,34.5612
410.8,569,47314.9,34.6379
273,441,40569.9,34.6451
483.6,600,52822,34.6555
955.5,1264,49540.9,34.6596
200.2,341,38476,34.6783
261.3,420,40772.8,34.7145
3225.3,2337,90446.4,34.7342
730.6,953,50242,34.7466
877.5,1028,55941.5,34.7974
159.9,308,34023.4,34.8243
325,494,43115.8,34.8274
746.2,949,51531,34.873
176.8,273,42442.4,34.9114
110.5,234,30947.6,34.9435
141.7,259,35855,34.957
297.7,360,54194.6,34.9652
752.7,1024,48172.8,34.9849
167.7,297,37004.7,35.0347
3799.9,4520,55095.2,35.0989
262.6,451,38159.1,35.1175
612.3,825,48639.6,35.1497
252.2,458,36087.7,35.1611
484.9,689,46122.5,35.1838
336.7,486,45403.2,35.2315
283.4,452,41090.5,35.2346
867.1,1109,51241,35.2346
131.3,268,32107.7,35.2429
137.8,272,33201.7,35.2481
1660.1,2111,51537.8,35.2533
256.1,288,58277,35.2843
263.9,373,46367.2,35.3237
158.6,341,30481,35.3361
499.2,730,44815.9,35.3517
2844.4,3640,51211.7,35.3662
261.3,374,45787.6,35.4149
2093,2673,51315.7,35.419
330.2,449,48196,35.4667
388.7,576,44225.4,35.4729
198.9,346,37673.7,35.4947
689,568,79497,35.5143
205.4,341,39475.3,35.5247
1348.1,1720,51365.7,35.5755
377,521,47422.4,35.6397
369.2,513,47165.5,35.7081
330.2,428,50560.7,35.7723
2407.6,2531,62340.8,35.8138
507,670,49592.2,35.8324
141.7,228,40730,35.8873
137.8,317,28488.5,35.908
314.6,421,48973,35.9143
237.9,360,43308.4,35.9215
161.2,304,34751.3,35.935
275.6,423,42699.1,35.9536
510.9,746,44882.5,35.9754
1285.7,1632,51629.7,35.9971
153.4,257,39117.6,36.0272
169,240,46148.3,36.0272
868.4,1111,51225.4,36.0313
678.6,897,49579.4,36.0593
692.9,913,49737,36.0603
128.7,292,28885.2,36.0738
1385.8,1777,51108.5,36.165
6063.2,6633,59906.2,36.1764
1755,2148,53545.5,36.1795
334.1,476,45999.1,36.2095
432.9,592,47923.2,36.2106
1558.7,1955,52251.1,36.2261
747.5,732,66923.7,36.2499
395.2,561,46167.2,36.3287
3624.4,4548,52227.1,36.3525
1251.9,1682,48778,36.3535
561.6,678,54284.7,36.3535
135.2,303,29242.5,36.4136
1596.4,1784,58644.4,36.4426
166.4,289,37734.2,36.4986
135.2,295,30035.5,36.5234
616.2,765,52788.6,36.5348
183.3,335,35858.9,36.539
3136.9,3909,52591.4,36.5431
1287,1677,50295.1,36.5752
169,292,37930.1,36.6063
137.8,277,32602.4,36.6768
811.2,961,55320.3,36.6809
1102.4,961,75178.9,36.7203
2294.5,2676,56193,36.7369
200.2,368,35653,36.7607
572,509,73647.5,36.7638
144.3,272,34767.8,36.8073
1319.5,1636,52857.4,36.8353
497.9,685,47635.6,36.8374
551.2,721,50101.9,36.8477
188.5,300,41178.5,36.8653
348.4,541,42204.7,36.9679
657.8,789,54638.2,36.9689
598,652,60108.2,36.9752
122.2,226,35435.8,36.9948
231.4,401,37818,36.9969
634.4,793,52428.8,37.0228
2047.5,2580,52009.7,37.0705
159.9,240,43663.4,37.0881
178.1,378,30878.2,37.1171
149.5,315,31103.6,37.1409
418.6,601,45646.2,37.1689
11146.2,13701,53315.6,37.2062
1623.7,2016,52783.1,37.2259
1358.5,1817,48998.7,37.2725
161.2,284,37198.6,37.2746
968.5,1212,52369.3,37.2911
445.9,701,41686.9,37.3316
321.1,475,44302.3,37.3543
256.1,380,44167.8,37.3595
179.4,348,33784.9,37.3844
1606.8,2037,51695.3,37.4258
689,953,47381.2,37.4797
2358.2,2912,53072.5,37.4901
1046.5,1335,51373.4,37.5243
1246.7,1565,52206.9,37.5336
750.1,1103,44568,37.5533
1214.2,1526,52145.4,37.5543
253.5,351,47331.6,37.5875
1014,1330,49965,37.6444
442,637,45474,37.6475
205.4,374,35992.2,37.6548
362.7,464,51228.2,37.7356
660.4,913,47404.1,37.8206
1168.7,1484,51611.8,37.8371
1250.6,1568,52270,37.8537
149.5,333,29422.3,37.862
178.1,318,36704.3,37.8661
211.9,289,48052.2,37.8786
1047.8,1400,49049,37.892
4673.5,5816,52662.1,37.9045
864.5,1149,49308.9,37.9335
339.3,499,44561.9,37.9677
301.6,472,41876.4,38.0216
451.1,605,48864.9,38.0236
343.2,481,46760.8,38.033
81.9,229,23438.4,38.0361
486.2,681,46789.4,38.0599
470.6,576,53543.8,38.1366
179.4,337,34887.7,38.177
644.8,868,48683.9,38.2018
343.2,557,40380.5,38.207
165.1,253,42766.8,38.2132
291.2,405,47121.2,38.292
163.8,289,37144.6,38.3034
265.2,454,38282.3,38.3375
180.7,361,32804.3,38.3666
949,1213,51272.6,38.3686
1238.9,1600,50745.3,38.3883
262.6,396,43459,38.3935
226.2,408,36333.9,38.4101
131.3,268,32107.7,38.4184
288.6,421,44925.6,38.4204
1578.2,2036,50800.1,38.465
101.4,240,27689,38.4919
585,942,40699.1,38.4981
711.1,933,49949.2,38.5147
1765.4,2222,52069,38.5323
124.8,245,33383.2,38.5375
1102.4,1320,54732.5,38.5458
419.9,625,44029.7,38.5696
655.2,820,52364.9,38.5789
110.5,269,26920.9,38.6142
110.5,276,26238.1,38.6815
3437.2,3273,68823.8,38.7375
6390.8,7918,52895.6,38.7944
542.1,741,47944.8,38.8162
516.1,757,44680.5,38.8545
525.2,665,51758.7,38.8566
139.1,269,33888.7,38.8607
328.9,564,38217.7,38.8939
241.8,415,38184.6,38.9084
282.1,448,41267.2,38.9561
375.7,564,43655.8,38.9571
2385.5,1424,109787,38.9695
111.8,269,27237.6,39.0825
5512,6852,52719.6,39.1021
123.5,288,28103.1,39.1177
327.6,463,46370.6,39.1788
185.9,300,40610.5,39.2016
113.1,281,26377.7,39.2151
842.4,1187,46510.1,39.2296
574.6,807,46662.9,39.2679
855.4,1141,49131.9,39.3135
689,732,61686.2,39.3912
332.8,505,43188.9,39.4016
172.9,296,38281,39.4285
223.6,325,45088.8,39.4969
742.3,954,50993.1,39.5021
674.7,916,48272,39.5342
257.4,360,46858.2,39.5632
354.9,524,44386.9,39.6533
1352,1702,52059.1,39.6657
1359.8,1577,56509.7,39.6875
327.6,505,42514,39.7321
132.6,211,41185.2,39.7414
265.2,389,44679,39.7497
648.7,880,48310.5,39.8066
183.3,381,31529.5,39.818
811.2,1060,50153.6,39.8222
774.8,1049,48405.4,39.8678
195,304,42037.9,39.9154
148.2,293,33148.2,39.9248
778.7,1037,49212,39.9351
137.8,252,35836.7,39.9714
187.2,297,41307.5,40.0491
184.6,347,34864.4,40.0594
379.6,480,51828.1,40.0812
161.2,288,36682,40.1154
120.9,273,29023.1,40.1506
695.5,921,49490,40.1682
661.7,832,52121.6,40.1724
239.2,443,35386.5,40.1796
325,464,45903.4,40.2573
115.7,254,29852.4,40.3247
425.1,588,47379.9,40.333
323.7,465,45621.5,40.3412
128.7,265,31828.2,40.3526
144.3,300,31522.8,40.4179
280.8,444,41447.1,40.4583
1306.5,1652,51829.8,40.4697
490.1,669,48010.8,40.4728
279.5,452,40525,40.5422
214.5,332,42341.8,40.5806
1250.6,1525,53743.8,40.6344
200.2,322,40746.3,40.6479
124.8,241,33937.3,40.6676
442,650,44564.5,40.6748
395.2,606,42739,40.6852
237.9,357,43672.3,40.6966
295.1,520,37191.7,40.6976
128.7,257,32819,40.7132
319.8,417,50260,40.7785
170.3,288,38752.7,40.7992
709.8,846,54985.2,40.8012
144.3,268,35286.7,40.8044
158.6,276,37659.5,40.8054
132.6,267,32547.1,40.8147
163.8,289,37144.6,40.8323
625.3,853,48041.8,40.8385
362.7,524,45362.4,40.8489
336.7,509,43351.6,40.8572
130,268,31789.9,40.8852
137.8,320,28221.4,40.8955
148.2,297,32701.8,40.9805
16309.8,19316,55336.5,41.054
279.5,480,38161.1,41.0696
534.3,809,43282.9,41.0727
165.1,273,39633.7,41.1266
1214.2,1570,50684,41.1348
1116.7,1456,50263.8,41.1815
477.1,692,45183.9,41.2043
998.4,1249,52386.8,41.2167
488.8,629,50928.5,41.3234
1241.5,1601,50820.1,41.3462
458.9,568,52948,41.3493
210.6,373,37002.4,41.3524
518.7,668,50888.5,41.3535
622.7,831,49108.6,41.3545
250.9,390,42161.5,41.4021
293.8,258,74629.8,41.4249
1738.1,1667,68331.2,41.4322
431.6,553,51148.9,41.5213
232.7,404,37748.1,41.57
379.6,577,43115.2,41.5886
208,348,39170.9,41.6187
153.4,325,30933,41.6218
945.1,1222,50685.8,41.7575
1293.5,1705,49719,41.8953
179.4,272,43224.8,41.9803
175.5,377,30508.1,41.9917
1496.3,1921,51047.1,41.9917
851.5,1012,55142.2,42.1004
653.9,709,60442.9,42.117
174.2,308,37066.1,42.1222
209.3,353,38857.5,42.1274
1482,1965,49427.2,42.1367
729.3,925,51670.7,42.1471
218.4,316,45294.5,42.1667
702,1004,45823,42.1688
443.3,632,45968.5,42.1958
366.6,470,51118.1,42.2113
193.7,312,40686.9,42.2299
146.9,312,30856.5,42.2859
1723.8,2212,51071.9,42.3149
434.2,580,49061.6,42.3232
937.3,1221,50308.7,42.3346
331.5,496,43800.8,42.4102
756.6,973,50960.5,42.4154
1040,1363,50005.5,42.4237
863.2,1116,50690.6,42.4278
158.6,269,38639.4,42.5076
313.3,473,43408.9,42.5097
1059.5,1344,51663.2,42.5884
115.7,261,29051.8,42.6195
2420.6,2917,54383.4,42.6319
1134.9,1405,52937.2,42.6609
323.7,452,46933.6,42.6682
262.6,301,57175.3,42.6682
280.8,486,37865.2,42.6827
360.1,562,41992,42.691
322.4,509,41510.4,42.7272
210.6,380,36320.7,42.779
140.4,237,38823.9,42.7925
152.1,277,35985.6,42.8132
149.5,300,32658.8,42.8246
123.5,264,30657.9,42.8733
235.3,355,43438.4,42.9096
231.4,387,39186.1,42.9282
187.2,310,39575.3,42.9935
393.9,538,47982.6,42.9945
136.5,265,33757.2,43.007
189.8,325,38273,43.0277
111.8,259,28289.3,43.095
3762.2,4632,53229.6,43.122
317.2,486,42773.7,43.1852
8580,10604,53027.1,43.2535
388.7,273,93310.8,43.3053
132.6,233,37296.4,43.3074
1335.1,1680,52081.6,43.3499
162.5,284,37498.6,43.3499
609.7,835,47853.1,43.4317
143,289,32427.8,43.4359
167.7,221,49730.3,43.4556
252.2,392,42163.7,43.4556
2146.3,2760,50963.7,43.5271
163.8,312,34406.4,43.6866
118.3,266,29146.3,43.6876
156,317,32251.2,43.7363
738.4,929,52090.2,43.7995
140.4,281,32744.7,43.9156
287.3,407,46261.6,43.9197
128.7,258,32691.8,43.9435
6266,7825,52479.1,43.9798
1225.9,1593,50433.5,44.013
169,337,32865.2,44.0223
712.4,976,47835.9,44.0471
228.8,413,36306.6,44.0668
553.8,816,44477.7,44.072
184.6,332,36439.6,44.0772
677.3,912,48670.5,44.0865
426.4,441,63366.3,44.1031
837.2,1120,48988.2,44.1725
128.7,253,33337.9,44.1808
118.3,300,25843,44.1943
374.4,569,43122.5,44.2316
564.2,792,46686.1,44.2647
262.6,388,44355,44.3196
370.5,536,45300.5,44.3217
395.2,530,48867.6,44.3269
1042.6,1389,49192.1,44.3393
126.1,278,29726.9,44.3414
111.8,244,30028.4,44.3611
133.9,319,27508.7,44.3642
639.6,865,48458.8,44.3994
2016.3,2220,59522.6,44.4802
131.3,309,27847.5,44.5538
296.4,456,42598.4,44.5766
371.8,539,45206.5,44.6045
6340.1,7969,52140.1,44.6045
384.8,546,46187.3,44.6719
1311.7,1680,51168.8,44.6833
620.1,364,111645,44.7258
2346.5,2912,52809.1,44.7589
668.2,937,46735.5,44.934
362.7,441,53900,44.9506
878.8,1044,55165.7,44.9972
169,260,42598.4,45.021
315.9,493,41993.6,45.0428
126.1,240,34433.7,45.0428
153.4,285,35274.5,45.1132
312,309,66172.3,45.1257
223.6,398,36818.7,45.1661
156,253,40409.5,45.309
94.9,241,25806.5,45.3339
750.1,1048,46907,45.3443
826.8,1033,52454.2,45.4085
993.2,1341,48538.7,45.423
587.6,785,49056,45.4748
569.4,768,48588.8,45.4769
8591.7,10814,52068.2,45.4779
205.4,362,37185.3,45.4841
292.5,498,38492.5,45.5131
1878.5,2423,50808.7,45.5256
404.3,589,44985.1,45.5525
700.7,937,49008.6,45.5784
711.1,860,54189.1,45.6033
1740.7,2144,53208.3,45.6426
197.6,327,39602.2,45.6447
240.5,395,39902.3,45.711
650,918,46403.5,45.74
950.3,1264,49271.2,45.7545
642.2,800,52609,45.8571
1796.6,2297,51259,45.8747
12636,14559,56879.8,45.8851
930.8,1128,54078.8,45.8913
106.6,229,30507.2,45.8975
188.5,312,39594.7,45.9006
149.5,266,36833.2,45.9234
226.2,429,34555.3,45.9255
1205.1,1605,49207.1,45.97
105.3,228,30267.3,46.0053
1263.6,1565,52914.6,46.0198
119.6,217,36120.3,46.0933
669.5,877,50030.1,46.0964
162.5,273,39009.5,46.1658
304.2,481,41447.1,46.1949
1309.1,1697,50555.8,46.284
159.9,259,40460.3,46.2985
954.2,1205,51895.8,46.3057
469.3,469,65577.9,46.3824
3889.6,4729,53903.3,46.3834
1047.8,1312,52338.9,46.3896
261.3,387,44249.5,46.3979
1270.1,1689,49282,46.399
210.6,357,38660.7,46.4352
646.1,808,52404.5,46.4466
275.6,444,40679.6,46.487
1062.1,1325,52532.7,46.5316
1058.2,1354,51218.8,46.5357
275.6,435,41521.2,46.5875
202.8,365,36412.9,46.6031
975,1173,54473.7,46.6279
874.9,977,58687.2,46.6497
695.5,920,49543.8,46.6714
184.6,260,46530.6,46.7118
330.2,508,42598.4,46.7295
196.3,321,40077,46.7574
130,281,30319.1,46.7699
115.7,279,27177.5,46.8434
156,265,38579.7,46.9097
306.8,462,43520.4,46.9159
383.5,512,49088,46.9532
240.5,305,51676.7,46.9677
145.6,317,30101.1,47.0164
202.8,321,41404.1,47.0185
1281.8,1654,50788.4,47.0361
165.1,288,37569.4,47.0486
161.2,280,37730,47.0662
197.6,276,46920,47.1107
1023.1,1317,50911.1,47.1242
248.3,389,41831.8,47.1304
166.4,328,33247.5,47.1646
137.8,285,31687.2,47.2734
2915.9,3581,53364,47.2879
241.8,360,44018.3,47.3117
179.4,328,35845,47.3573
157.3,296,34827.1,47.3625
349.7,385,59527.1,47.3728
328.9,464,46454.3,47.3904
158.6,272,38213.3,47.4008
296.4,377,51524.9,47.4153
141.7,252,36851,47.4433
760.5,961,51862.8,47.4433
1149.2,1493,50444.7,47.4474
678.6,921,48287.4,47.4889
508.3,736,45260.8,47.5127
162.5,349,30514.6,47.5293
332.8,509,42849.5,47.5345
140.4,292,31511.1,47.5593
206.7,300,45154.3,47.5863
211.9,376,36933.7,47.5914
1149.2,1105,68157.4,47.6184
590.2,832,46489.6,47.6401
115.7,281,26984,47.7054
84.5,228,24288.6,47.8059
1141.4,1419,52715.1,47.8339
8855.6,10910,53195.3,47.8546
105.3,240,28753.9,47.8681
118.3,272,28503.3,47.8763
383.5,549,45779.7,47.9478
694.2,891,51060.7,47.9561
1071.2,1376,51019,47.9572
234,373,41113.7,47.9758
118.3,225,34457.4,48.04
302.9,428,46380.5,48.0452
128.7,356,23692.4,48.0722
5864.3,6781,56676.4,48.0887
94.9,237,26242.1,48.124
110.5,268,27021.4,48.1281
127.4,256,32614.4,48.1768
696.8,917,49798.8,48.1872
373.1,581,42085.2,48.2172
150.8,277,35678.1,48.2327
1678.3,2088,52676.8,48.2877
552.5,687,52705.4,48.3063
652.6,777,55043.5,48.3136
143,260,36044.8,48.3167
289.9,484,39253.9,48.3291
750.1,966,50888.8,48.3705
1316.9,1713,50382,48.384
425.1,589,47299.4,48.4337
513.5,764,44048.1,48.4949
205.4,350,38460.3,48.5114
917.8,1177,51103.6,48.5259
109.2,232,30847.1,48.5591
275.6,345,52352.8,48.5653
455,653,45664.4,48.5891
2551.9,3181,52575.1,48.5964
336.7,477,46259.9,48.613
326.3,504,42429.4,48.614
224.9,374,39409.2,48.6637
442,589,49179.8,48.6772
185.9,332,36696.2,48.6834
241.8,428,37024.8,48.7601
1041.3,1367,49921.5,48.8119
839.8,1112,49493.8,48.872
119.6,259,30263,48.9238
105.3,249,27714.6,48.9258
107.9,228,31014.6,48.9932
111.8,225,32564.1,48.9994
162.5,273,39009.5,49.0046
122.2,235,34078.7,49.0253
222.3,364,40023.8,49.0284
2581.8,3170,53375.7,49.0295
1231.1,1569,51422.2,49.0636
1128.4,1608,45989.3,49.1382
145.6,253,37715.6,49.217
226.2,345,42968.8,49.2232
938.6,873,70460.6,49.247
867.1,1181,48117.1,49.2481
1224.6,1540,52113.9,49.304
1043.9,1324,51671.5,49.3734
556.4,657,55501.1,49.3972
692.9,941,48257.1,49.4294
130,277,30757,49.4356
314.6,464,44434.5,49.4594
778.7,1044,48882.1,49.5019
127.4,253,33001.1,49.5889
184.6,318,38043.9,49.6262
1227.2,1560,51555,49.6666
730.6,1005,47642.4,49.6759
336.7,418,52789.4,49.6967
318.5,464,44985.4,49.7309
135.2,221,40092.6,49.763
117,248,30918.2,49.7671
760.5,1031,48341.5,49.8034
286,424,44205.9,49.8707
4299.1,5400,52175.2,49.8956
185.9,356,34222.3,50.0002
629.2,732,56332.3,50.0023
331.5,508,42766.1,50.022
336.7,389,56724.9,50.0292
301.6,405,48804.1,50.1111
640.9,813,51663,50.1256
176.8,312,37137.1,50.1701
1058.2,1323,52418.9,50.2043
969.8,1317,48258.8,50.225
3008.2,3756,52488.1,50.2903
326.3,521,41044.9,50.3525
149.5,263,37253.4,50.4157
1567.8,1977,51971.3,50.4229
315.9,453,45701.6,50.4789
1322.1,1629,53189.2,50.5752
872.3,1063,53779,50.625
153.4,345,29139.8,50.6364
149.5,284,34498.7,50.6581
1134.9,1415,52563.1,50.6612
1706.9,2188,51125.9,50.6643
1235,1544,52420.3,50.6996
223.6,396,37004.7,50.7047
97.5,212,30140.4,50.7244
864.5,1114,50858.1,50.7493
197.6,342,37865.2,50.7596
6000.8,7594,51786.7,50.7627
169,295,37544.4,50.8601
109.2,269,26604.2,50.9337
1224.6,1697,47292.5,50.9544
335.4,477,46081.3,50.9689
197.6,321,40342.4,50.9751
260,428,39811.6,51
109.2,253,28286.7,51.029
